subj,orig,brain,aseg
IXI042-Guys-0725,IXI042-Guys-0725/mri/orig.mgz,IXI042-Guys-0725/mri/brain.mgz,IXI042-Guys-0725/mri/aseg.mgz
IXI549-Guys-1046,IXI549-Guys-1046/mri/orig.mgz,IXI549-Guys-1046/mri/brain.mgz,IXI549-Guys-1046/mri/aseg.mgz
IXI419-Guys-1027,IXI419-Guys-1027/mri/orig.mgz,IXI419-Guys-1027/mri/brain.mgz,IXI419-Guys-1027/mri/aseg.mgz
IXI197-Guys-0811,IXI197-Guys-0811/mri/orig.mgz,IXI197-Guys-0811/mri/brain.mgz,IXI197-Guys-0811/mri/aseg.mgz
IXI023-Guys-0699,IXI023-Guys-0699/mri/orig.mgz,IXI023-Guys-0699/mri/brain.mgz,IXI023-Guys-0699/mri/aseg.mgz
IXI585-Guys-1130,IXI585-Guys-1130/mri/orig.mgz,IXI585-Guys-1130/mri/brain.mgz,IXI585-Guys-1130/mri/aseg.mgz
IXI122-Guys-0773,IXI122-Guys-0773/mri/orig.mgz,IXI122-Guys-0773/mri/brain.mgz,IXI122-Guys-0773/mri/aseg.mgz
IXI300-Guys-0880,IXI300-Guys-0880/mri/orig.mgz,IXI300-Guys-0880/mri/brain.mgz,IXI300-Guys-0880/mri/aseg.mgz
IXI169-Guys-0842,IXI169-Guys-0842/mri/orig.mgz,IXI169-Guys-0842/mri/brain.mgz,IXI169-Guys-0842/mri/aseg.mgz
IXI454-Guys-1083,IXI454-Guys-1083/mri/orig.mgz,IXI454-Guys-1083/mri/brain.mgz,IXI454-Guys-1083/mri/aseg.mgz
IXI623-Guys-1076,IXI623-Guys-1076/mri/orig.mgz,IXI623-Guys-1076/mri/brain.mgz,IXI623-Guys-1076/mri/aseg.mgz
IXI038-Guys-0729,IXI038-Guys-0729/mri/orig.mgz,IXI038-Guys-0729/mri/brain.mgz,IXI038-Guys-0729/mri/aseg.mgz
IXI468-Guys-0985,IXI468-Guys-0985/mri/orig.mgz,IXI468-Guys-0985/mri/brain.mgz,IXI468-Guys-0985/mri/aseg.mgz
IXI492-Guys-1022,IXI492-Guys-1022/mri/orig.mgz,IXI492-Guys-1022/mri/brain.mgz,IXI492-Guys-1022/mri/aseg.mgz
IXI145-Guys-0781,IXI145-Guys-0781/mri/orig.mgz,IXI145-Guys-0781/mri/brain.mgz,IXI145-Guys-0781/mri/aseg.mgz
IXI185-Guys-0795,IXI185-Guys-0795/mri/orig.mgz,IXI185-Guys-0795/mri/brain.mgz,IXI185-Guys-0795/mri/aseg.mgz
IXI025-Guys-0852,IXI025-Guys-0852/mri/orig.mgz,IXI025-Guys-0852/mri/brain.mgz,IXI025-Guys-0852/mri/aseg.mgz
IXI479-Guys-1034,IXI479-Guys-1034/mri/orig.mgz,IXI479-Guys-1034/mri/brain.mgz,IXI479-Guys-1034/mri/aseg.mgz
IXI037-Guys-0704,IXI037-Guys-0704/mri/orig.mgz,IXI037-Guys-0704/mri/brain.mgz,IXI037-Guys-0704/mri/aseg.mgz
IXI507-Guys-1036,IXI507-Guys-1036/mri/orig.mgz,IXI507-Guys-1036/mri/brain.mgz,IXI507-Guys-1036/mri/aseg.mgz
IXI075-Guys-0754,IXI075-Guys-0754/mri/orig.mgz,IXI075-Guys-0754/mri/brain.mgz,IXI075-Guys-0754/mri/aseg.mgz
IXI071-Guys-0770,IXI071-Guys-0770/mri/orig.mgz,IXI071-Guys-0770/mri/brain.mgz,IXI071-Guys-0770/mri/aseg.mgz
IXI317-Guys-0896,IXI317-Guys-0896/mri/orig.mgz,IXI317-Guys-0896/mri/brain.mgz,IXI317-Guys-0896/mri/aseg.mgz
IXI639-Guys-1088,IXI639-Guys-1088/mri/orig.mgz,IXI639-Guys-1088/mri/brain.mgz,IXI639-Guys-1088/mri/aseg.mgz
IXI360-Guys-0912,IXI360-Guys-0912/mri/orig.mgz,IXI360-Guys-0912/mri/brain.mgz,IXI360-Guys-0912/mri/aseg.mgz
IXI318-Guys-0895,IXI318-Guys-0895/mri/orig.mgz,IXI318-Guys-0895/mri/brain.mgz,IXI318-Guys-0895/mri/aseg.mgz
IXI050-Guys-0711,IXI050-Guys-0711/mri/orig.mgz,IXI050-Guys-0711/mri/brain.mgz,IXI050-Guys-0711/mri/aseg.mgz
IXI036-Guys-0736,IXI036-Guys-0736/mri/orig.mgz,IXI036-Guys-0736/mri/brain.mgz,IXI036-Guys-0736/mri/aseg.mgz
IXI348-Guys-0910,IXI348-Guys-0910/mri/orig.mgz,IXI348-Guys-0910/mri/brain.mgz,IXI348-Guys-0910/mri/aseg.mgz
IXI506-Guys-1035,IXI506-Guys-1035/mri/orig.mgz,IXI506-Guys-1035/mri/brain.mgz,IXI506-Guys-1035/mri/aseg.mgz
IXI536-Guys-1059,IXI536-Guys-1059/mri/orig.mgz,IXI536-Guys-1059/mri/brain.mgz,IXI536-Guys-1059/mri/aseg.mgz
IXI115-Guys-0738,IXI115-Guys-0738/mri/orig.mgz,IXI115-Guys-0738/mri/brain.mgz,IXI115-Guys-0738/mri/aseg.mgz
IXI579-Guys-1126,IXI579-Guys-1126/mri/orig.mgz,IXI579-Guys-1126/mri/brain.mgz,IXI579-Guys-1126/mri/aseg.mgz
IXI410-Guys-0958,IXI410-Guys-0958/mri/orig.mgz,IXI410-Guys-0958/mri/brain.mgz,IXI410-Guys-0958/mri/aseg.mgz
IXI265-Guys-0845,IXI265-Guys-0845/mri/orig.mgz,IXI265-Guys-0845/mri/brain.mgz,IXI265-Guys-0845/mri/aseg.mgz
IXI304-Guys-0862,IXI304-Guys-0862/mri/orig.mgz,IXI304-Guys-0862/mri/brain.mgz,IXI304-Guys-0862/mri/aseg.mgz
IXI422-Guys-1071,IXI422-Guys-1071/mri/orig.mgz,IXI422-Guys-1071/mri/brain.mgz,IXI422-Guys-1071/mri/aseg.mgz
IXI250-Guys-0836,IXI250-Guys-0836/mri/orig.mgz,IXI250-Guys-0836/mri/brain.mgz,IXI250-Guys-0836/mri/aseg.mgz
IXI495-Guys-1009,IXI495-Guys-1009/mri/orig.mgz,IXI495-Guys-1009/mri/brain.mgz,IXI495-Guys-1009/mri/aseg.mgz
IXI319-Guys-0901,IXI319-Guys-0901/mri/orig.mgz,IXI319-Guys-0901/mri/brain.mgz,IXI319-Guys-0901/mri/aseg.mgz
IXI593-Guys-1109,IXI593-Guys-1109/mri/orig.mgz,IXI593-Guys-1109/mri/brain.mgz,IXI593-Guys-1109/mri/aseg.mgz
IXI487-Guys-1037,IXI487-Guys-1037/mri/orig.mgz,IXI487-Guys-1037/mri/brain.mgz,IXI487-Guys-1037/mri/aseg.mgz
IXI512-Guys-1054,IXI512-Guys-1054/mri/orig.mgz,IXI512-Guys-1054/mri/brain.mgz,IXI512-Guys-1054/mri/aseg.mgz
IXI026-Guys-0696,IXI026-Guys-0696/mri/orig.mgz,IXI026-Guys-0696/mri/brain.mgz,IXI026-Guys-0696/mri/aseg.mgz
IXI490-Guys-1018,IXI490-Guys-1018/mri/orig.mgz,IXI490-Guys-1018/mri/brain.mgz,IXI490-Guys-1018/mri/aseg.mgz
IXI467-Guys-0983,IXI467-Guys-0983/mri/orig.mgz,IXI467-Guys-0983/mri/brain.mgz,IXI467-Guys-0983/mri/aseg.mgz
IXI138-Guys-0746,IXI138-Guys-0746/mri/orig.mgz,IXI138-Guys-0746/mri/brain.mgz,IXI138-Guys-0746/mri/aseg.mgz
IXI361-Guys-0913,IXI361-Guys-0913/mri/orig.mgz,IXI361-Guys-0913/mri/brain.mgz,IXI361-Guys-0913/mri/aseg.mgz
IXI326-Guys-0907,IXI326-Guys-0907/mri/orig.mgz,IXI326-Guys-0907/mri/brain.mgz,IXI326-Guys-0907/mri/aseg.mgz
IXI087-Guys-0768,IXI087-Guys-0768/mri/orig.mgz,IXI087-Guys-0768/mri/brain.mgz,IXI087-Guys-0768/mri/aseg.mgz
IXI394-Guys-0940,IXI394-Guys-0940/mri/orig.mgz,IXI394-Guys-0940/mri/brain.mgz,IXI394-Guys-0940/mri/aseg.mgz
IXI405-Guys-0948,IXI405-Guys-0948/mri/orig.mgz,IXI405-Guys-0948/mri/brain.mgz,IXI405-Guys-0948/mri/aseg.mgz
IXI324-Guys-0922,IXI324-Guys-0922/mri/orig.mgz,IXI324-Guys-0922/mri/brain.mgz,IXI324-Guys-0922/mri/aseg.mgz
IXI002-Guys-0828,IXI002-Guys-0828/mri/orig.mgz,IXI002-Guys-0828/mri/brain.mgz,IXI002-Guys-0828/mri/aseg.mgz
IXI030-Guys-0708,IXI030-Guys-0708/mri/orig.mgz,IXI030-Guys-0708/mri/brain.mgz,IXI030-Guys-0708/mri/aseg.mgz
IXI222-Guys-0819,IXI222-Guys-0819/mri/orig.mgz,IXI222-Guys-0819/mri/brain.mgz,IXI222-Guys-0819/mri/aseg.mgz
IXI053-Guys-0727,IXI053-Guys-0727/mri/orig.mgz,IXI053-Guys-0727/mri/brain.mgz,IXI053-Guys-0727/mri/aseg.mgz
IXI350-Guys-0908,IXI350-Guys-0908/mri/orig.mgz,IXI350-Guys-0908/mri/brain.mgz,IXI350-Guys-0908/mri/aseg.mgz
IXI491-Guys-1032,IXI491-Guys-1032/mri/orig.mgz,IXI491-Guys-1032/mri/brain.mgz,IXI491-Guys-1032/mri/aseg.mgz
IXI144-Guys-0788,IXI144-Guys-0788/mri/orig.mgz,IXI144-Guys-0788/mri/brain.mgz,IXI144-Guys-0788/mri/aseg.mgz
IXI403-Guys-0965,IXI403-Guys-0965/mri/orig.mgz,IXI403-Guys-0965/mri/brain.mgz,IXI403-Guys-0965/mri/aseg.mgz
IXI285-Guys-0857,IXI285-Guys-0857/mri/orig.mgz,IXI285-Guys-0857/mri/brain.mgz,IXI285-Guys-0857/mri/aseg.mgz
IXI459-Guys-0992,IXI459-Guys-0992/mri/orig.mgz,IXI459-Guys-0992/mri/brain.mgz,IXI459-Guys-0992/mri/aseg.mgz
IXI402-Guys-0961,IXI402-Guys-0961/mri/orig.mgz,IXI402-Guys-0961/mri/brain.mgz,IXI402-Guys-0961/mri/aseg.mgz
IXI209-Guys-0804,IXI209-Guys-0804/mri/orig.mgz,IXI209-Guys-0804/mri/brain.mgz,IXI209-Guys-0804/mri/aseg.mgz
IXI652-Guys-1116,IXI652-Guys-1116/mri/orig.mgz,IXI652-Guys-1116/mri/brain.mgz,IXI652-Guys-1116/mri/aseg.mgz
IXI298-Guys-0861,IXI298-Guys-0861/mri/orig.mgz,IXI298-Guys-0861/mri/brain.mgz,IXI298-Guys-0861/mri/aseg.mgz
IXI587-Guys-1128,IXI587-Guys-1128/mri/orig.mgz,IXI587-Guys-1128/mri/brain.mgz,IXI587-Guys-1128/mri/aseg.mgz
IXI336-Guys-0904,IXI336-Guys-0904/mri/orig.mgz,IXI336-Guys-0904/mri/brain.mgz,IXI336-Guys-0904/mri/aseg.mgz
IXI418-Guys-0956,IXI418-Guys-0956/mri/orig.mgz,IXI418-Guys-0956/mri/brain.mgz,IXI418-Guys-0956/mri/aseg.mgz
IXI503-Guys-1021,IXI503-Guys-1021/mri/orig.mgz,IXI503-Guys-1021/mri/brain.mgz,IXI503-Guys-1021/mri/aseg.mgz
IXI641-Guys-1105,IXI641-Guys-1105/mri/orig.mgz,IXI641-Guys-1105/mri/brain.mgz,IXI641-Guys-1105/mri/aseg.mgz
IXI244-Guys-0841,IXI244-Guys-0841/mri/orig.mgz,IXI244-Guys-0841/mri/brain.mgz,IXI244-Guys-0841/mri/aseg.mgz
IXI141-Guys-0789,IXI141-Guys-0789/mri/orig.mgz,IXI141-Guys-0789/mri/brain.mgz,IXI141-Guys-0789/mri/aseg.mgz
IXI558-Guys-1079,IXI558-Guys-1079/mri/orig.mgz,IXI558-Guys-1079/mri/brain.mgz,IXI558-Guys-1079/mri/aseg.mgz
IXI289-Guys-0864,IXI289-Guys-0864/mri/orig.mgz,IXI289-Guys-0864/mri/brain.mgz,IXI289-Guys-0864/mri/aseg.mgz
IXI312-Guys-0887,IXI312-Guys-0887/mri/orig.mgz,IXI312-Guys-0887/mri/brain.mgz,IXI312-Guys-0887/mri/aseg.mgz
IXI494-Guys-1008,IXI494-Guys-1008/mri/orig.mgz,IXI494-Guys-1008/mri/brain.mgz,IXI494-Guys-1008/mri/aseg.mgz
IXI653-Guys-1122,IXI653-Guys-1122/mri/orig.mgz,IXI653-Guys-1122/mri/brain.mgz,IXI653-Guys-1122/mri/aseg.mgz
IXI027-Guys-0710,IXI027-Guys-0710/mri/orig.mgz,IXI027-Guys-0710/mri/brain.mgz,IXI027-Guys-0710/mri/aseg.mgz
IXI592-Guys-1085,IXI592-Guys-1085/mri/orig.mgz,IXI592-Guys-1085/mri/brain.mgz,IXI592-Guys-1085/mri/aseg.mgz
IXI031-Guys-0797,IXI031-Guys-0797/mri/orig.mgz,IXI031-Guys-0797/mri/brain.mgz,IXI031-Guys-0797/mri/aseg.mgz
IXI064-Guys-0743,IXI064-Guys-0743/mri/orig.mgz,IXI064-Guys-0743/mri/brain.mgz,IXI064-Guys-0743/mri/aseg.mgz
IXI286-Guys-0859,IXI286-Guys-0859/mri/orig.mgz,IXI286-Guys-0859/mri/brain.mgz,IXI286-Guys-0859/mri/aseg.mgz
IXI486-Guys-1005,IXI486-Guys-1005/mri/orig.mgz,IXI486-Guys-1005/mri/brain.mgz,IXI486-Guys-1005/mri/aseg.mgz
IXI264-Guys-0854,IXI264-Guys-0854/mri/orig.mgz,IXI264-Guys-0854/mri/brain.mgz,IXI264-Guys-0854/mri/aseg.mgz
IXI240-Guys-0834,IXI240-Guys-0834/mri/orig.mgz,IXI240-Guys-0834/mri/brain.mgz,IXI240-Guys-0834/mri/aseg.mgz
IXI017-Guys-0698,IXI017-Guys-0698/mri/orig.mgz,IXI017-Guys-0698/mri/brain.mgz,IXI017-Guys-0698/mri/aseg.mgz
IXI554-Guys-1068,IXI554-Guys-1068/mri/orig.mgz,IXI554-Guys-1068/mri/brain.mgz,IXI554-Guys-1068/mri/aseg.mgz
IXI489-Guys-1014,IXI489-Guys-1014/mri/orig.mgz,IXI489-Guys-1014/mri/brain.mgz,IXI489-Guys-1014/mri/aseg.mgz
IXI016-Guys-0697,IXI016-Guys-0697/mri/orig.mgz,IXI016-Guys-0697/mri/brain.mgz,IXI016-Guys-0697/mri/aseg.mgz
IXI376-Guys-0938,IXI376-Guys-0938/mri/orig.mgz,IXI376-Guys-0938/mri/brain.mgz,IXI376-Guys-0938/mri/aseg.mgz
IXI364-Guys-0920,IXI364-Guys-0920/mri/orig.mgz,IXI364-Guys-0920/mri/brain.mgz,IXI364-Guys-0920/mri/aseg.mgz
IXI455-Guys-0981,IXI455-Guys-0981/mri/orig.mgz,IXI455-Guys-0981/mri/brain.mgz,IXI455-Guys-0981/mri/aseg.mgz
IXI227-Guys-0813,IXI227-Guys-0813/mri/orig.mgz,IXI227-Guys-0813/mri/brain.mgz,IXI227-Guys-0813/mri/aseg.mgz
IXI077-Guys-0752,IXI077-Guys-0752/mri/orig.mgz,IXI077-Guys-0752/mri/brain.mgz,IXI077-Guys-0752/mri/aseg.mgz
IXI320-Guys-0902,IXI320-Guys-0902/mri/orig.mgz,IXI320-Guys-0902/mri/brain.mgz,IXI320-Guys-0902/mri/aseg.mgz
IXI617-Guys-1090,IXI617-Guys-1090/mri/orig.mgz,IXI617-Guys-1090/mri/brain.mgz,IXI617-Guys-1090/mri/aseg.mgz
IXI550-Guys-1069,IXI550-Guys-1069/mri/orig.mgz,IXI550-Guys-1069/mri/brain.mgz,IXI550-Guys-1069/mri/aseg.mgz
IXI269-Guys-0839,IXI269-Guys-0839/mri/orig.mgz,IXI269-Guys-0839/mri/brain.mgz,IXI269-Guys-0839/mri/aseg.mgz
IXI208-Guys-0808,IXI208-Guys-0808/mri/orig.mgz,IXI208-Guys-0808/mri/brain.mgz,IXI208-Guys-0808/mri/aseg.mgz
IXI158-Guys-0783,IXI158-Guys-0783/mri/orig.mgz,IXI158-Guys-0783/mri/brain.mgz,IXI158-Guys-0783/mri/aseg.mgz
IXI198-Guys-0803,IXI198-Guys-0803/mri/orig.mgz,IXI198-Guys-0803/mri/brain.mgz,IXI198-Guys-0803/mri/aseg.mgz
IXI449-Guys-1082,IXI449-Guys-1082/mri/orig.mgz,IXI449-Guys-1082/mri/brain.mgz,IXI449-Guys-1082/mri/aseg.mgz
IXI299-Guys-0893,IXI299-Guys-0893/mri/orig.mgz,IXI299-Guys-0893/mri/brain.mgz,IXI299-Guys-0893/mri/aseg.mgz
IXI224-Guys-0823,IXI224-Guys-0823/mri/orig.mgz,IXI224-Guys-0823/mri/brain.mgz,IXI224-Guys-0823/mri/aseg.mgz
IXI164-Guys-0844,IXI164-Guys-0844/mri/orig.mgz,IXI164-Guys-0844/mri/brain.mgz,IXI164-Guys-0844/mri/aseg.mgz
IXI560-Guys-1070,IXI560-Guys-1070/mri/orig.mgz,IXI560-Guys-1070/mri/brain.mgz,IXI560-Guys-1070/mri/aseg.mgz
IXI408-Guys-0962,IXI408-Guys-0962/mri/orig.mgz,IXI408-Guys-0962/mri/brain.mgz,IXI408-Guys-0962/mri/aseg.mgz
IXI502-Guys-1020,IXI502-Guys-1020/mri/orig.mgz,IXI502-Guys-1020/mri/brain.mgz,IXI502-Guys-1020/mri/aseg.mgz
IXI619-Guys-1099,IXI619-Guys-1099/mri/orig.mgz,IXI619-Guys-1099/mri/brain.mgz,IXI619-Guys-1099/mri/aseg.mgz
IXI251-Guys-1055,IXI251-Guys-1055/mri/orig.mgz,IXI251-Guys-1055/mri/brain.mgz,IXI251-Guys-1055/mri/aseg.mgz
IXI450-Guys-1093,IXI450-Guys-1093/mri/orig.mgz,IXI450-Guys-1093/mri/brain.mgz,IXI450-Guys-1093/mri/aseg.mgz
IXI109-Guys-0732,IXI109-Guys-0732/mri/orig.mgz,IXI109-Guys-0732/mri/brain.mgz,IXI109-Guys-0732/mri/aseg.mgz
IXI551-Guys-1065,IXI551-Guys-1065/mri/orig.mgz,IXI551-Guys-1065/mri/brain.mgz,IXI551-Guys-1065/mri/aseg.mgz
IXI662-Guys-1120,IXI662-Guys-1120/mri/orig.mgz,IXI662-Guys-1120/mri/brain.mgz,IXI662-Guys-1120/mri/aseg.mgz
IXI457-Guys-0984,IXI457-Guys-0984/mri/orig.mgz,IXI457-Guys-0984/mri/brain.mgz,IXI457-Guys-0984/mri/aseg.mgz
IXI428-Guys-0996,IXI428-Guys-0996/mri/orig.mgz,IXI428-Guys-0996/mri/brain.mgz,IXI428-Guys-0996/mri/aseg.mgz
IXI156-Guys-0837,IXI156-Guys-0837/mri/orig.mgz,IXI156-Guys-0837/mri/brain.mgz,IXI156-Guys-0837/mri/aseg.mgz
IXI099-Guys-0748,IXI099-Guys-0748/mri/orig.mgz,IXI099-Guys-0748/mri/brain.mgz,IXI099-Guys-0748/mri/aseg.mgz
IXI108-Guys-0865,IXI108-Guys-0865/mri/orig.mgz,IXI108-Guys-0865/mri/brain.mgz,IXI108-Guys-0865/mri/aseg.mgz
IXI076-Guys-0753,IXI076-Guys-0753/mri/orig.mgz,IXI076-Guys-0753/mri/brain.mgz,IXI076-Guys-0753/mri/aseg.mgz
IXI311-Guys-0885,IXI311-Guys-0885/mri/orig.mgz,IXI311-Guys-0885/mri/brain.mgz,IXI311-Guys-0885/mri/aseg.mgz
IXI626-Guys-1094,IXI626-Guys-1094/mri/orig.mgz,IXI626-Guys-1094/mri/brain.mgz,IXI626-Guys-1094/mri/aseg.mgz
IXI183-Guys-0791,IXI183-Guys-0791/mri/orig.mgz,IXI183-Guys-0791/mri/brain.mgz,IXI183-Guys-0791/mri/aseg.mgz
IXI358-Guys-0919,IXI358-Guys-0919/mri/orig.mgz,IXI358-Guys-0919/mri/brain.mgz,IXI358-Guys-0919/mri/aseg.mgz
IXI028-Guys-1038,IXI028-Guys-1038/mri/orig.mgz,IXI028-Guys-1038/mri/brain.mgz,IXI028-Guys-1038/mri/aseg.mgz
IXI607-Guys-1097,IXI607-Guys-1097/mri/orig.mgz,IXI607-Guys-1097/mri/brain.mgz,IXI607-Guys-1097/mri/aseg.mgz
IXI321-Guys-0903,IXI321-Guys-0903/mri/orig.mgz,IXI321-Guys-0903/mri/brain.mgz,IXI321-Guys-0903/mri/aseg.mgz
IXI651-Guys-1118,IXI651-Guys-1118/mri/orig.mgz,IXI651-Guys-1118/mri/brain.mgz,IXI651-Guys-1118/mri/aseg.mgz
IXI268-Guys-0858,IXI268-Guys-0858/mri/orig.mgz,IXI268-Guys-0858/mri/brain.mgz,IXI268-Guys-0858/mri/aseg.mgz
IXI110-Guys-0733,IXI110-Guys-0733/mri/orig.mgz,IXI110-Guys-0733/mri/brain.mgz,IXI110-Guys-0733/mri/aseg.mgz
IXI166-Guys-0846,IXI166-Guys-0846/mri/orig.mgz,IXI166-Guys-0846/mri/brain.mgz,IXI166-Guys-0846/mri/aseg.mgz
IXI344-Guys-0905,IXI344-Guys-0905/mri/orig.mgz,IXI344-Guys-0905/mri/brain.mgz,IXI344-Guys-0905/mri/aseg.mgz
IXI200-Guys-0812,IXI200-Guys-0812/mri/orig.mgz,IXI200-Guys-0812/mri/brain.mgz,IXI200-Guys-0812/mri/aseg.mgz
IXI237-Guys-1049,IXI237-Guys-1049/mri/orig.mgz,IXI237-Guys-1049/mri/brain.mgz,IXI237-Guys-1049/mri/aseg.mgz
IXI379-Guys-0943,IXI379-Guys-0943/mri/orig.mgz,IXI379-Guys-0943/mri/brain.mgz,IXI379-Guys-0943/mri/aseg.mgz
IXI055-Guys-0730,IXI055-Guys-0730/mri/orig.mgz,IXI055-Guys-0730/mri/brain.mgz,IXI055-Guys-0730/mri/aseg.mgz
IXI054-Guys-0707,IXI054-Guys-0707/mri/orig.mgz,IXI054-Guys-0707/mri/brain.mgz,IXI054-Guys-0707/mri/aseg.mgz
IXI153-Guys-0782,IXI153-Guys-0782/mri/orig.mgz,IXI153-Guys-0782/mri/brain.mgz,IXI153-Guys-0782/mri/aseg.mgz
IXI120-Guys-0766,IXI120-Guys-0766/mri/orig.mgz,IXI120-Guys-0766/mri/brain.mgz,IXI120-Guys-0766/mri/aseg.mgz
IXI629-Guys-1095,IXI629-Guys-1095/mri/orig.mgz,IXI629-Guys-1095/mri/brain.mgz,IXI629-Guys-1095/mri/aseg.mgz
IXI497-Guys-1002,IXI497-Guys-1002/mri/orig.mgz,IXI497-Guys-1002/mri/brain.mgz,IXI497-Guys-1002/mri/aseg.mgz
IXI644-Guys-1121,IXI644-Guys-1121/mri/orig.mgz,IXI644-Guys-1121/mri/brain.mgz,IXI644-Guys-1121/mri/aseg.mgz
IXI552-Guys-1063,IXI552-Guys-1063/mri/orig.mgz,IXI552-Guys-1063/mri/brain.mgz,IXI552-Guys-1063/mri/aseg.mgz
IXI089-Guys-0757,IXI089-Guys-0757/mri/orig.mgz,IXI089-Guys-0757/mri/brain.mgz,IXI089-Guys-0757/mri/aseg.mgz
IXI154-Guys-0821,IXI154-Guys-0821/mri/orig.mgz,IXI154-Guys-0821/mri/brain.mgz,IXI154-Guys-0821/mri/aseg.mgz
IXI297-Guys-0886,IXI297-Guys-0886/mri/orig.mgz,IXI297-Guys-0886/mri/brain.mgz,IXI297-Guys-0886/mri/aseg.mgz
IXI391-Guys-0934,IXI391-Guys-0934/mri/orig.mgz,IXI391-Guys-0934/mri/brain.mgz,IXI391-Guys-0934/mri/aseg.mgz
IXI135-Guys-0779,IXI135-Guys-0779/mri/orig.mgz,IXI135-Guys-0779/mri/brain.mgz,IXI135-Guys-0779/mri/aseg.mgz
IXI415-Guys-0942,IXI415-Guys-0942/mri/orig.mgz,IXI415-Guys-0942/mri/brain.mgz,IXI415-Guys-0942/mri/aseg.mgz
IXI118-Guys-0764,IXI118-Guys-0764/mri/orig.mgz,IXI118-Guys-0764/mri/brain.mgz,IXI118-Guys-0764/mri/aseg.mgz
IXI630-Guys-1108,IXI630-Guys-1108/mri/orig.mgz,IXI630-Guys-1108/mri/brain.mgz,IXI630-Guys-1108/mri/aseg.mgz
IXI074-Guys-0771,IXI074-Guys-0771/mri/orig.mgz,IXI074-Guys-0771/mri/brain.mgz,IXI074-Guys-0771/mri/aseg.mgz
IXI498-Guys-1050,IXI498-Guys-1050/mri/orig.mgz,IXI498-Guys-1050/mri/brain.mgz,IXI498-Guys-1050/mri/aseg.mgz
IXI359-Guys-0918,IXI359-Guys-0918/mri/orig.mgz,IXI359-Guys-0918/mri/brain.mgz,IXI359-Guys-0918/mri/aseg.mgz
IXI193-Guys-0810,IXI193-Guys-0810/mri/orig.mgz,IXI193-Guys-0810/mri/brain.mgz,IXI193-Guys-0810/mri/aseg.mgz
IXI589-Guys-1080,IXI589-Guys-1080/mri/orig.mgz,IXI589-Guys-1080/mri/brain.mgz,IXI589-Guys-1080/mri/aseg.mgz
IXI134-Guys-0780,IXI134-Guys-0780/mri/orig.mgz,IXI134-Guys-0780/mri/brain.mgz,IXI134-Guys-0780/mri/aseg.mgz
IXI621-Guys-1100,IXI621-Guys-1100/mri/orig.mgz,IXI621-Guys-1100/mri/brain.mgz,IXI621-Guys-1100/mri/aseg.mgz
IXI086-Guys-0728,IXI086-Guys-0728/mri/orig.mgz,IXI086-Guys-0728/mri/brain.mgz,IXI086-Guys-0728/mri/aseg.mgz
IXI196-Guys-0805,IXI196-Guys-0805/mri/orig.mgz,IXI196-Guys-0805/mri/brain.mgz,IXI196-Guys-0805/mri/aseg.mgz
IXI069-Guys-0769,IXI069-Guys-0769/mri/orig.mgz,IXI069-Guys-0769/mri/brain.mgz,IXI069-Guys-0769/mri/aseg.mgz
IXI493-Guys-1007,IXI493-Guys-1007/mri/orig.mgz,IXI493-Guys-1007/mri/brain.mgz,IXI493-Guys-1007/mri/aseg.mgz
IXI431-Guys-0986,IXI431-Guys-0986/mri/orig.mgz,IXI431-Guys-0986/mri/brain.mgz,IXI431-Guys-0986/mri/aseg.mgz
IXI186-Guys-0796,IXI186-Guys-0796/mri/orig.mgz,IXI186-Guys-0796/mri/brain.mgz,IXI186-Guys-0796/mri/aseg.mgz
IXI461-Guys-0998,IXI461-Guys-0998/mri/orig.mgz,IXI461-Guys-0998/mri/brain.mgz,IXI461-Guys-0998/mri/aseg.mgz
IXI287-Guys-0863,IXI287-Guys-0863/mri/orig.mgz,IXI287-Guys-0863/mri/brain.mgz,IXI287-Guys-0863/mri/aseg.mgz
IXI404-Guys-0950,IXI404-Guys-0950/mri/orig.mgz,IXI404-Guys-0950/mri/brain.mgz,IXI404-Guys-0950/mri/aseg.mgz
IXI377-Guys-0937,IXI377-Guys-0937/mri/orig.mgz,IXI377-Guys-0937/mri/brain.mgz,IXI377-Guys-0937/mri/aseg.mgz
IXI021-Guys-0703,IXI021-Guys-0703/mri/orig.mgz,IXI021-Guys-0703/mri/brain.mgz,IXI021-Guys-0703/mri/aseg.mgz
IXI192-Guys-0878,IXI192-Guys-0878/mri/orig.mgz,IXI192-Guys-0878/mri/brain.mgz,IXI192-Guys-0878/mri/aseg.mgz
IXI390-Guys-0931,IXI390-Guys-0931/mri/orig.mgz,IXI390-Guys-0931/mri/brain.mgz,IXI390-Guys-0931/mri/aseg.mgz
IXI063-Guys-0742,IXI063-Guys-0742/mri/orig.mgz,IXI063-Guys-0742/mri/brain.mgz,IXI063-Guys-0742/mri/aseg.mgz
IXI247-Guys-0838,IXI247-Guys-0838/mri/orig.mgz,IXI247-Guys-0838/mri/brain.mgz,IXI247-Guys-0838/mri/aseg.mgz
IXI061-Guys-0715,IXI061-Guys-0715/mri/orig.mgz,IXI061-Guys-0715/mri/brain.mgz,IXI061-Guys-0715/mri/aseg.mgz
IXI380-Guys-0944,IXI380-Guys-0944/mri/orig.mgz,IXI380-Guys-0944/mri/brain.mgz,IXI380-Guys-0944/mri/aseg.mgz
IXI116-Guys-0739,IXI116-Guys-0739/mri/orig.mgz,IXI116-Guys-0739/mri/brain.mgz,IXI116-Guys-0739/mri/aseg.mgz
IXI140-Guys-0787,IXI140-Guys-0787/mri/orig.mgz,IXI140-Guys-0787/mri/brain.mgz,IXI140-Guys-0787/mri/aseg.mgz
IXI411-Guys-0959,IXI411-Guys-0959/mri/orig.mgz,IXI411-Guys-0959/mri/brain.mgz,IXI411-Guys-0959/mri/aseg.mgz
IXI194-Guys-0818,IXI194-Guys-0818/mri/orig.mgz,IXI194-Guys-0818/mri/brain.mgz,IXI194-Guys-0818/mri/aseg.mgz
IXI060-Guys-0709,IXI060-Guys-0709/mri/orig.mgz,IXI060-Guys-0709/mri/brain.mgz,IXI060-Guys-0709/mri/aseg.mgz
IXI129-Guys-0775,IXI129-Guys-0775/mri/orig.mgz,IXI129-Guys-0775/mri/brain.mgz,IXI129-Guys-0775/mri/aseg.mgz
IXI270-Guys-0847,IXI270-Guys-0847/mri/orig.mgz,IXI270-Guys-0847/mri/brain.mgz,IXI270-Guys-0847/mri/aseg.mgz
IXI103-Guys-0750,IXI103-Guys-0750/mri/orig.mgz,IXI103-Guys-0750/mri/brain.mgz,IXI103-Guys-0750/mri/aseg.mgz
IXI480-Guys-1033,IXI480-Guys-1033/mri/orig.mgz,IXI480-Guys-1033/mri/brain.mgz,IXI480-Guys-1033/mri/aseg.mgz
IXI223-Guys-0830,IXI223-Guys-0830/mri/orig.mgz,IXI223-Guys-0830/mri/brain.mgz,IXI223-Guys-0830/mri/aseg.mgz
IXI416-Guys-1051,IXI416-Guys-1051/mri/orig.mgz,IXI416-Guys-1051/mri/brain.mgz,IXI416-Guys-1051/mri/aseg.mgz
IXI100-Guys-0747,IXI100-Guys-0747/mri/orig.mgz,IXI100-Guys-0747/mri/brain.mgz,IXI100-Guys-0747/mri/aseg.mgz
IXI151-Guys-0793,IXI151-Guys-0793/mri/orig.mgz,IXI151-Guys-0793/mri/brain.mgz,IXI151-Guys-0793/mri/aseg.mgz
IXI535-Guys-1061,IXI535-Guys-1061/mri/orig.mgz,IXI535-Guys-1061/mri/brain.mgz,IXI535-Guys-1061/mri/aseg.mgz
IXI058-Guys-0726,IXI058-Guys-0726/mri/orig.mgz,IXI058-Guys-0726/mri/brain.mgz,IXI058-Guys-0726/mri/aseg.mgz
IXI225-Guys-0832,IXI225-Guys-0832/mri/orig.mgz,IXI225-Guys-0832/mri/brain.mgz,IXI225-Guys-0832/mri/aseg.mgz
IXI142-Guys-0786,IXI142-Guys-0786/mri/orig.mgz,IXI142-Guys-0786/mri/brain.mgz,IXI142-Guys-0786/mri/aseg.mgz
IXI199-Guys-0802,IXI199-Guys-0802/mri/orig.mgz,IXI199-Guys-0802/mri/brain.mgz,IXI199-Guys-0802/mri/aseg.mgz
IXI073-Guys-0755,IXI073-Guys-0755/mri/orig.mgz,IXI073-Guys-0755/mri/brain.mgz,IXI073-Guys-0755/mri/aseg.mgz
IXI578-Guys-1078,IXI578-Guys-1078/mri/orig.mgz,IXI578-Guys-1078/mri/brain.mgz,IXI578-Guys-1078/mri/aseg.mgz
IXI412-Guys-0949,IXI412-Guys-0949/mri/orig.mgz,IXI412-Guys-0949/mri/brain.mgz,IXI412-Guys-0949/mri/aseg.mgz
IXI365-Guys-0923,IXI365-Guys-0923/mri/orig.mgz,IXI365-Guys-0923/mri/brain.mgz,IXI365-Guys-0923/mri/aseg.mgz
IXI501-Guys-1016,IXI501-Guys-1016/mri/orig.mgz,IXI501-Guys-1016/mri/brain.mgz,IXI501-Guys-1016/mri/aseg.mgz
IXI534-Guys-1062,IXI534-Guys-1062/mri/orig.mgz,IXI534-Guys-1062/mri/brain.mgz,IXI534-Guys-1062/mri/aseg.mgz
IXI228-Guys-0822,IXI228-Guys-0822/mri/orig.mgz,IXI228-Guys-0822/mri/brain.mgz,IXI228-Guys-0822/mri/aseg.mgz
IXI106-Guys-0760,IXI106-Guys-0760/mri/orig.mgz,IXI106-Guys-0760/mri/brain.mgz,IXI106-Guys-0760/mri/aseg.mgz
IXI111-Guys-0734,IXI111-Guys-0734/mri/orig.mgz,IXI111-Guys-0734/mri/brain.mgz,IXI111-Guys-0734/mri/aseg.mgz
IXI369-Guys-0924,IXI369-Guys-0924/mri/orig.mgz,IXI369-Guys-0924/mri/brain.mgz,IXI369-Guys-0924/mri/aseg.mgz
IXI496-Guys-1045,IXI496-Guys-1045/mri/orig.mgz,IXI496-Guys-1045/mri/brain.mgz,IXI496-Guys-1045/mri/aseg.mgz
IXI447-Guys-0979,IXI447-Guys-0979/mri/orig.mgz,IXI447-Guys-0979/mri/brain.mgz,IXI447-Guys-0979/mri/aseg.mgz
IXI181-Guys-0790,IXI181-Guys-0790/mri/orig.mgz,IXI181-Guys-0790/mri/brain.mgz,IXI181-Guys-0790/mri/aseg.mgz
IXI081-Guys-0855,IXI081-Guys-0855/mri/orig.mgz,IXI081-Guys-0855/mri/brain.mgz,IXI081-Guys-0855/mri/aseg.mgz
IXI584-Guys-1129,IXI584-Guys-1129/mri/orig.mgz,IXI584-Guys-1129/mri/brain.mgz,IXI584-Guys-1129/mri/aseg.mgz
IXI065-Guys-0744,IXI065-Guys-0744/mri/orig.mgz,IXI065-Guys-0744/mri/brain.mgz,IXI065-Guys-0744/mri/aseg.mgz
IXI458-Guys-0993,IXI458-Guys-0993/mri/orig.mgz,IXI458-Guys-0993/mri/brain.mgz,IXI458-Guys-0993/mri/aseg.mgz
IXI368-Guys-0916,IXI368-Guys-0916/mri/orig.mgz,IXI368-Guys-0916/mri/brain.mgz,IXI368-Guys-0916/mri/aseg.mgz
IXI531-Guys-1057,IXI531-Guys-1057/mri/orig.mgz,IXI531-Guys-1057/mri/brain.mgz,IXI531-Guys-1057/mri/aseg.mgz
IXI207-Guys-0809,IXI207-Guys-0809/mri/orig.mgz,IXI207-Guys-0809/mri/brain.mgz,IXI207-Guys-0809/mri/aseg.mgz
IXI499-Guys-1004,IXI499-Guys-1004/mri/orig.mgz,IXI499-Guys-1004/mri/brain.mgz,IXI499-Guys-1004/mri/aseg.mgz
IXI022-Guys-0701,IXI022-Guys-0701/mri/orig.mgz,IXI022-Guys-0701/mri/brain.mgz,IXI022-Guys-0701/mri/aseg.mgz
IXI500-Guys-1017,IXI500-Guys-1017/mri/orig.mgz,IXI500-Guys-1017/mri/brain.mgz,IXI500-Guys-1017/mri/aseg.mgz
IXI177-Guys-0831,IXI177-Guys-0831/mri/orig.mgz,IXI177-Guys-0831/mri/brain.mgz,IXI177-Guys-0831/mri/aseg.mgz
IXI157-Guys-0816,IXI157-Guys-0816/mri/orig.mgz,IXI157-Guys-0816/mri/brain.mgz,IXI157-Guys-0816/mri/aseg.mgz
IXI139-Guys-0815,IXI139-Guys-0815/mri/orig.mgz,IXI139-Guys-0815/mri/brain.mgz,IXI139-Guys-0815/mri/aseg.mgz
IXI045-Guys-0713,IXI045-Guys-0713/mri/orig.mgz,IXI045-Guys-0713/mri/brain.mgz,IXI045-Guys-0713/mri/aseg.mgz
IXI409-Guys-0960,IXI409-Guys-0960/mri/orig.mgz,IXI409-Guys-0960/mri/brain.mgz,IXI409-Guys-0960/mri/aseg.mgz
IXI107-Guys-0761,IXI107-Guys-0761/mri/orig.mgz,IXI107-Guys-0761/mri/brain.mgz,IXI107-Guys-0761/mri/aseg.mgz
IXI066-Guys-0731,IXI066-Guys-0731/mri/orig.mgz,IXI066-Guys-0731/mri/brain.mgz,IXI066-Guys-0731/mri/aseg.mgz
IXI429-Guys-0997,IXI429-Guys-0997/mri/orig.mgz,IXI429-Guys-0997/mri/brain.mgz,IXI429-Guys-0997/mri/aseg.mgz
IXI070-Guys-0767,IXI070-Guys-0767/mri/orig.mgz,IXI070-Guys-0767/mri/brain.mgz,IXI070-Guys-0767/mri/aseg.mgz
IXI088-Guys-0758,IXI088-Guys-0758/mri/orig.mgz,IXI088-Guys-0758/mri/brain.mgz,IXI088-Guys-0758/mri/aseg.mgz
IXI582-Guys-1127,IXI582-Guys-1127/mri/orig.mgz,IXI582-Guys-1127/mri/brain.mgz,IXI582-Guys-1127/mri/aseg.mgz
IXI594-Guys-1089,IXI594-Guys-1089/mri/orig.mgz,IXI594-Guys-1089/mri/brain.mgz,IXI594-Guys-1089/mri/aseg.mgz
IXI188-Guys-0798,IXI188-Guys-0798/mri/orig.mgz,IXI188-Guys-0798/mri/brain.mgz,IXI188-Guys-0798/mri/aseg.mgz
IXI504-Guys-1025,IXI504-Guys-1025/mri/orig.mgz,IXI504-Guys-1025/mri/brain.mgz,IXI504-Guys-1025/mri/aseg.mgz
IXI432-Guys-0987,IXI432-Guys-0987/mri/orig.mgz,IXI432-Guys-0987/mri/brain.mgz,IXI432-Guys-0987/mri/aseg.mgz
IXI414-Guys-0957,IXI414-Guys-0957/mri/orig.mgz,IXI414-Guys-0957/mri/brain.mgz,IXI414-Guys-0957/mri/aseg.mgz
IXI400-Guys-0977,IXI400-Guys-0977/mri/orig.mgz,IXI400-Guys-0977/mri/brain.mgz,IXI400-Guys-0977/mri/aseg.mgz
IXI024-Guys-0705,IXI024-Guys-0705/mri/orig.mgz,IXI024-Guys-0705/mri/brain.mgz,IXI024-Guys-0705/mri/aseg.mgz
IXI420-Guys-1028,IXI420-Guys-1028/mri/orig.mgz,IXI420-Guys-1028/mri/brain.mgz,IXI420-Guys-1028/mri/aseg.mgz
IXI091-Guys-0762,IXI091-Guys-0762/mri/orig.mgz,IXI091-Guys-0762/mri/brain.mgz,IXI091-Guys-0762/mri/aseg.mgz
IXI062-Guys-0740,IXI062-Guys-0740/mri/orig.mgz,IXI062-Guys-0740/mri/brain.mgz,IXI062-Guys-0740/mri/aseg.mgz
IXI367-Guys-0917,IXI367-Guys-0917/mri/orig.mgz,IXI367-Guys-0917/mri/brain.mgz,IXI367-Guys-0917/mri/aseg.mgz
IXI191-Guys-0801,IXI191-Guys-0801/mri/orig.mgz,IXI191-Guys-0801/mri/brain.mgz,IXI191-Guys-0801/mri/aseg.mgz
IXI172-Guys-0982,IXI172-Guys-0982/mri/orig.mgz,IXI172-Guys-0982/mri/brain.mgz,IXI172-Guys-0982/mri/aseg.mgz
IXI019-Guys-0702,IXI019-Guys-0702/mri/orig.mgz,IXI019-Guys-0702/mri/brain.mgz,IXI019-Guys-0702/mri/aseg.mgz
IXI398-Guys-0952,IXI398-Guys-0952/mri/orig.mgz,IXI398-Guys-0952/mri/brain.mgz,IXI398-Guys-0952/mri/aseg.mgz
IXI539-Guys-1067,IXI539-Guys-1067/mri/orig.mgz,IXI539-Guys-1067/mri/brain.mgz,IXI539-Guys-1067/mri/aseg.mgz
IXI330-Guys-0881,IXI330-Guys-0881/mri/orig.mgz,IXI330-Guys-0881/mri/brain.mgz,IXI330-Guys-0881/mri/aseg.mgz
IXI533-Guys-1066,IXI533-Guys-1066/mri/orig.mgz,IXI533-Guys-1066/mri/brain.mgz,IXI533-Guys-1066/mri/aseg.mgz
IXI249-Guys-1072,IXI249-Guys-1072/mri/orig.mgz,IXI249-Guys-1072/mri/brain.mgz,IXI249-Guys-1072/mri/aseg.mgz
IXI625-Guys-1098,IXI625-Guys-1098/mri/orig.mgz,IXI625-Guys-1098/mri/brain.mgz,IXI625-Guys-1098/mri/aseg.mgz
IXI090-Guys-0800,IXI090-Guys-0800/mri/orig.mgz,IXI090-Guys-0800/mri/brain.mgz,IXI090-Guys-0800/mri/aseg.mgz
IXI389-Guys-0930,IXI389-Guys-0930/mri/orig.mgz,IXI389-Guys-0930/mri/brain.mgz,IXI389-Guys-0930/mri/aseg.mgz
IXI562-Guys-1131,IXI562-Guys-1131/mri/orig.mgz,IXI562-Guys-1131/mri/brain.mgz,IXI562-Guys-1131/mri/aseg.mgz
IXI229-Guys-0980,IXI229-Guys-0980/mri/orig.mgz,IXI229-Guys-0980/mri/brain.mgz,IXI229-Guys-0980/mri/aseg.mgz
IXI505-Guys-1026,IXI505-Guys-1026/mri/orig.mgz,IXI505-Guys-1026/mri/brain.mgz,IXI505-Guys-1026/mri/aseg.mgz
IXI117-Guys-0763,IXI117-Guys-0763/mri/orig.mgz,IXI117-Guys-0763/mri/brain.mgz,IXI117-Guys-0763/mri/aseg.mgz
IXI113-Guys-0776,IXI113-Guys-0776/mri/orig.mgz,IXI113-Guys-0776/mri/brain.mgz,IXI113-Guys-0776/mri/aseg.mgz
IXI179-Guys-0777,IXI179-Guys-0777/mri/orig.mgz,IXI179-Guys-0777/mri/brain.mgz,IXI179-Guys-0777/mri/aseg.mgz
IXI528-Guys-1073,IXI528-Guys-1073/mri/orig.mgz,IXI528-Guys-1073/mri/brain.mgz,IXI528-Guys-1073/mri/aseg.mgz
IXI266-Guys-0853,IXI266-Guys-0853/mri/orig.mgz,IXI266-Guys-0853/mri/brain.mgz,IXI266-Guys-0853/mri/aseg.mgz
IXI401-Guys-0978,IXI401-Guys-0978/mri/orig.mgz,IXI401-Guys-0978/mri/brain.mgz,IXI401-Guys-0978/mri/aseg.mgz
IXI618-Guys-1091,IXI618-Guys-1091/mri/orig.mgz,IXI618-Guys-1091/mri/brain.mgz,IXI618-Guys-1091/mri/aseg.mgz
IXI084-Guys-0741,IXI084-Guys-0741/mri/orig.mgz,IXI084-Guys-0741/mri/brain.mgz,IXI084-Guys-0741/mri/aseg.mgz
IXI123-Guys-0774,IXI123-Guys-0774/mri/orig.mgz,IXI123-Guys-0774/mri/brain.mgz,IXI123-Guys-0774/mri/aseg.mgz
IXI627-Guys-1103,IXI627-Guys-1103/mri/orig.mgz,IXI627-Guys-1103/mri/brain.mgz,IXI627-Guys-1103/mri/aseg.mgz
IXI085-Guys-0759,IXI085-Guys-0759/mri/orig.mgz,IXI085-Guys-0759/mri/brain.mgz,IXI085-Guys-0759/mri/aseg.mgz
IXI555-Guys-1074,IXI555-Guys-1074/mri/orig.mgz,IXI555-Guys-1074/mri/brain.mgz,IXI555-Guys-1074/mri/aseg.mgz
IXI044-Guys-0712,IXI044-Guys-0712/mri/orig.mgz,IXI044-Guys-0712/mri/brain.mgz,IXI044-Guys-0712/mri/aseg.mgz
IXI393-Guys-0941,IXI393-Guys-0941/mri/orig.mgz,IXI393-Guys-0941/mri/brain.mgz,IXI393-Guys-0941/mri/aseg.mgz
IXI236-Guys-0817,IXI236-Guys-0817/mri/orig.mgz,IXI236-Guys-0817/mri/brain.mgz,IXI236-Guys-0817/mri/aseg.mgz
IXI279-Guys-1044,IXI279-Guys-1044/mri/orig.mgz,IXI279-Guys-1044/mri/brain.mgz,IXI279-Guys-1044/mri/aseg.mgz
IXI068-Guys-0756,IXI068-Guys-0756/mri/orig.mgz,IXI068-Guys-0756/mri/brain.mgz,IXI068-Guys-0756/mri/aseg.mgz
IXI041-Guys-0706,IXI041-Guys-0706/mri/orig.mgz,IXI041-Guys-0706/mri/brain.mgz,IXI041-Guys-0706/mri/aseg.mgz
IXI114-Guys-0737,IXI114-Guys-0737/mri/orig.mgz,IXI114-Guys-0737/mri/brain.mgz,IXI114-Guys-0737/mri/aseg.mgz
IXI456-Guys-1019,IXI456-Guys-1019/mri/orig.mgz,IXI456-Guys-1019/mri/brain.mgz,IXI456-Guys-1019/mri/aseg.mgz
IXI210-Guys-0856,IXI210-Guys-0856/mri/orig.mgz,IXI210-Guys-0856/mri/brain.mgz,IXI210-Guys-0856/mri/aseg.mgz
IXI622-Guys-1102,IXI622-Guys-1102/mri/orig.mgz,IXI622-Guys-1102/mri/brain.mgz,IXI622-Guys-1102/mri/aseg.mgz
IXI241-Guys-0833,IXI241-Guys-0833/mri/orig.mgz,IXI241-Guys-0833/mri/brain.mgz,IXI241-Guys-0833/mri/aseg.mgz
IXI020-Guys-0700,IXI020-Guys-0700/mri/orig.mgz,IXI020-Guys-0700/mri/brain.mgz,IXI020-Guys-0700/mri/aseg.mgz
IXI488-Guys-1015,IXI488-Guys-1015/mri/orig.mgz,IXI488-Guys-1015/mri/brain.mgz,IXI488-Guys-1015/mri/aseg.mgz
IXI078-Guys-0751,IXI078-Guys-0751/mri/orig.mgz,IXI078-Guys-0751/mri/brain.mgz,IXI078-Guys-0751/mri/aseg.mgz
IXI098-Guys-0745,IXI098-Guys-0745/mri/orig.mgz,IXI098-Guys-0745/mri/brain.mgz,IXI098-Guys-0745/mri/aseg.mgz
IXI308-Guys-0884,IXI308-Guys-0884/mri/orig.mgz,IXI308-Guys-0884/mri/brain.mgz,IXI308-Guys-0884/mri/aseg.mgz
IXI370-Guys-0921,IXI370-Guys-0921/mri/orig.mgz,IXI370-Guys-0921/mri/brain.mgz,IXI370-Guys-0921/mri/aseg.mgz
IXI143-Guys-0785,IXI143-Guys-0785/mri/orig.mgz,IXI143-Guys-0785/mri/brain.mgz,IXI143-Guys-0785/mri/aseg.mgz
IXI121-Guys-0772,IXI121-Guys-0772/mri/orig.mgz,IXI121-Guys-0772/mri/brain.mgz,IXI121-Guys-0772/mri/aseg.mgz
IXI616-Guys-1092,IXI616-Guys-1092/mri/orig.mgz,IXI616-Guys-1092/mri/brain.mgz,IXI616-Guys-1092/mri/aseg.mgz
IXI642-Guys-1104,IXI642-Guys-1104/mri/orig.mgz,IXI642-Guys-1104/mri/brain.mgz,IXI642-Guys-1104/mri/aseg.mgz
IXI341-Guys-0906,IXI341-Guys-0906/mri/orig.mgz,IXI341-Guys-0906/mri/brain.mgz,IXI341-Guys-0906/mri/aseg.mgz
IXI029-Guys-0829,IXI029-Guys-0829/mri/orig.mgz,IXI029-Guys-0829/mri/brain.mgz,IXI029-Guys-0829/mri/aseg.mgz
IXI184-Guys-0794,IXI184-Guys-0794/mri/orig.mgz,IXI184-Guys-0794/mri/brain.mgz,IXI184-Guys-0794/mri/aseg.mgz
IXI460-Guys-0999,IXI460-Guys-0999/mri/orig.mgz,IXI460-Guys-0999/mri/brain.mgz,IXI460-Guys-0999/mri/aseg.mgz
IXI576-Guys-1077,IXI576-Guys-1077/mri/orig.mgz,IXI576-Guys-1077/mri/brain.mgz,IXI576-Guys-1077/mri/aseg.mgz
IXI342-Guys-0909,IXI342-Guys-0909/mri/orig.mgz,IXI342-Guys-0909/mri/brain.mgz,IXI342-Guys-0909/mri/aseg.mgz
IXI040-Guys-0724,IXI040-Guys-0724/mri/orig.mgz,IXI040-Guys-0724/mri/brain.mgz,IXI040-Guys-0724/mri/aseg.mgz
IXI219-Guys-0894,IXI219-Guys-0894/mri/orig.mgz,IXI219-Guys-0894/mri/brain.mgz,IXI219-Guys-0894/mri/aseg.mgz
IXI043-Guys-0714,IXI043-Guys-0714/mri/orig.mgz,IXI043-Guys-0714/mri/brain.mgz,IXI043-Guys-0714/mri/aseg.mgz
IXI381-Guys-1024,IXI381-Guys-1024/mri/orig.mgz,IXI381-Guys-1024/mri/brain.mgz,IXI381-Guys-1024/mri/aseg.mgz
IXI640-Guys-1106,IXI640-Guys-1106/mri/orig.mgz,IXI640-Guys-1106/mri/brain.mgz,IXI640-Guys-1106/mri/aseg.mgz
IXI591-Guys-1084,IXI591-Guys-1084/mri/orig.mgz,IXI591-Guys-1084/mri/brain.mgz,IXI591-Guys-1084/mri/aseg.mgz
IXI523-Guys-1056,IXI523-Guys-1056/mri/orig.mgz,IXI523-Guys-1056/mri/brain.mgz,IXI523-Guys-1056/mri/aseg.mgz
IXI399-Guys-0966,IXI399-Guys-0966/mri/orig.mgz,IXI399-Guys-0966/mri/brain.mgz,IXI399-Guys-0966/mri/aseg.mgz
IXI325-Guys-0911,IXI325-Guys-0911/mri/orig.mgz,IXI325-Guys-0911/mri/brain.mgz,IXI325-Guys-0911/mri/aseg.mgz
IXI119-Guys-0765,IXI119-Guys-0765/mri/orig.mgz,IXI119-Guys-0765/mri/brain.mgz,IXI119-Guys-0765/mri/aseg.mgz
IXI375-Guys-0925,IXI375-Guys-0925/mri/orig.mgz,IXI375-Guys-0925/mri/brain.mgz,IXI375-Guys-0925/mri/aseg.mgz
IXI112-Guys-0735,IXI112-Guys-0735/mri/orig.mgz,IXI112-Guys-0735/mri/brain.mgz,IXI112-Guys-0735/mri/aseg.mgz
IXI046-Guys-0824,IXI046-Guys-0824/mri/orig.mgz,IXI046-Guys-0824/mri/brain.mgz,IXI046-Guys-0824/mri/aseg.mgz
IXI189-Guys-0799,IXI189-Guys-0799/mri/orig.mgz,IXI189-Guys-0799/mri/brain.mgz,IXI189-Guys-0799/mri/aseg.mgz
IXI101-Guys-0749,IXI101-Guys-0749/mri/orig.mgz,IXI101-Guys-0749/mri/brain.mgz,IXI101-Guys-0749/mri/aseg.mgz
IXI397-Guys-0953,IXI397-Guys-0953/mri/orig.mgz,IXI397-Guys-0953/mri/brain.mgz,IXI397-Guys-0953/mri/aseg.mgz
IXI407-Guys-0964,IXI407-Guys-0964/mri/orig.mgz,IXI407-Guys-0964/mri/brain.mgz,IXI407-Guys-0964/mri/aseg.mgz
IXI406-Guys-0963,IXI406-Guys-0963/mri/orig.mgz,IXI406-Guys-0963/mri/brain.mgz,IXI406-Guys-0963/mri/aseg.mgz
IXI392-Guys-1064,IXI392-Guys-1064/mri/orig.mgz,IXI392-Guys-1064/mri/brain.mgz,IXI392-Guys-1064/mri/aseg.mgz
IXI288-Guys-0879,IXI288-Guys-0879/mri/orig.mgz,IXI288-Guys-0879/mri/brain.mgz,IXI288-Guys-0879/mri/aseg.mgz
IXI182-Guys-0792,IXI182-Guys-0792/mri/orig.mgz,IXI182-Guys-0792/mri/brain.mgz,IXI182-Guys-0792/mri/aseg.mgz
IXI351-Guys-0914,IXI351-Guys-0914/mri/orig.mgz,IXI351-Guys-0914/mri/brain.mgz,IXI351-Guys-0914/mri/aseg.mgz
IXI417-Guys-0939,IXI417-Guys-0939/mri/orig.mgz,IXI417-Guys-0939/mri/brain.mgz,IXI417-Guys-0939/mri/aseg.mgz
IXI178-Guys-0778,IXI178-Guys-0778/mri/orig.mgz,IXI178-Guys-0778/mri/brain.mgz,IXI178-Guys-0778/mri/aseg.mgz
IXI170-Guys-0843,IXI170-Guys-0843/mri/orig.mgz,IXI170-Guys-0843/mri/brain.mgz,IXI170-Guys-0843/mri/aseg.mgz
IXI569-Guys-1101,IXI569-Guys-1101/mri/orig.mgz,IXI569-Guys-1101/mri/brain.mgz,IXI569-Guys-1101/mri/aseg.mgz
IXI246-Guys-0840,IXI246-Guys-0840/mri/orig.mgz,IXI246-Guys-0840/mri/brain.mgz,IXI246-Guys-0840/mri/aseg.mgz
IXI648-Guys-1107,IXI648-Guys-1107/mri/orig.mgz,IXI648-Guys-1107/mri/brain.mgz,IXI648-Guys-1107/mri/aseg.mgz
IXI413-Guys-0955,IXI413-Guys-0955/mri/orig.mgz,IXI413-Guys-0955/mri/brain.mgz,IXI413-Guys-0955/mri/aseg.mgz
